Name,Email,Username,Phone,Age,Address
Nathanial,Edwardo48@yahoo.com,Roma.Green,(411) 931-6016 x0081,44,Myanmar
Makayla,Reymundo76@gmail.com,Tyshawn.Schuppe,(294) 707-5965 x216,75,Cambodia
Sven,Margarett.Bashirian73@yahoo.com,Lois_Cronin,492-525-3916,23,Sri Lanka
Brock,Maxime41@hotmail.com,Angela.Yundt,(788) 690-3477,29,Bahamas
Adah,Kameron77@yahoo.com,Elody51,467-456-6163,49,American Samoa
Valerie,Keyshawn_Gusikowski91@yahoo.com,Genesis_Bernier19,675.916.8431,55,Belize
Jamar,Clemmie_Hartmann@yahoo.com,Eduardo82,337.370.9684 x766,90,South Sudan
Catharine,Aracely.Rohan@gmail.com,Casimir.Heaney99,(422) 737-8491,38,Pakistan
Frederic,Xavier28@hotmail.com,Toney_Schamberger29,(294) 389-7461,85,French Southern Territories
Dandre,Jaiden.Hyatt23@hotmail.com,Bradford1,(713) 326-5241,83,Lesotho
Rashawn,Ayla.McDermott77@yahoo.com,Stephon60,884-362-5347 x927,35,Saint Vincent and the Grenadines
Marlen,Ignatius_Jacobi-Konopelski@gmail.com,Ryleigh_Runte76,202.558.2909,70,Solomon Islands
Taya,Leslie.Mann@gmail.com,Vanessa62,686.807.7369 x17753,71,Guadeloupe
Octavia,Demarcus65@gmail.com,Manley75,254-543-2925 x3614,95,Cameroon
Viva,Dena14@gmail.com,Antwon64,939.215.8373,91,Guatemala
Emmy,Nathaniel_Dicki90@yahoo.com,Ford.Flatley,561.807.7552 x79632,86,Antigua and Barbuda
Jeffery,Oran_Kohler@hotmail.com,Izabella_Bartell,(778) 377-4473 x24211,42,Western Sahara
Darrell,Mya99@gmail.com,Betsy_Conn12,226.672.6989 x914,60,Tunisia
Roxanne,Kiley72@gmail.com,Alda16,(788) 874-4753 x8832,62,Maldives
Erika,Tiana92@gmail.com,Arturo.Hessel,(270) 604-8067,39,Djibouti
